OOX Experience / Scenario;Feature;Priority ;Delivery Milestone ;Completion Status;Developer;Technical description;Remarks/Questions
Main Document Story;;;;;;;
;background (Document Background) ;;;Completed;rebet;;"color works; TODO: investigate what's more needed"
;body (Document Body);;;Completed;;office:body;
;document (Document) ;;;Completed;;office:document-content;
Paragraphs;;;;;;;
;adjustRightInd (Automatically Adjust Right Indent When Using Document Grid) ;;;;;;
;autoSpaceDE (Automatically Adjust Spacing of Latin and East Asian Text) ;;;Completed;;style:paragraph-properties/@style:text-autospace;
;autoSpaceDN (Automatically Adjust Spacing of East Asian Text and Numbers) ;;;Completed;;style:paragraph-properties/@style:text-autospace;
;bar (Paragraph Border Between Facing Pages) ;;;;;;
;between (Paragraph Border Between Identical Paragraphs) ;;;;;;
;bidi (Right to Left Paragraph Layout) ;;;;;;
;bottom (Paragraph Border Between Identical Paragraphs) ;;;;;;
;cnfStyle (Paragraph Conditional Formatting) ;;;;;;
;contextualSpacing (Ignore Spacing Above and Below When Using Identical Styles) ;;;;;;
; divId (Associated HTML DIV ID) ;;;;;;
; framePr (Text Frame Properties) ;;;;;;
; ind (Paragraph indentation) ;;;Completed;rebet;;
; jc (Paragraph Alignment) ;;;Completed;;style:paragraph-properties/@fo:text-align;
; keepLines (Keep All Lines On One Page) ;;;Completed;;style:paragraph-properties/@fo:keep-together;
; keepNext (Keep Paragraph With Next Paragraph) ;;;Completed;;style:paragraph-properties/@fo:keep-with-next;
; kinsoku (Use East Asian Typography Rules for First and Last Character per Line) ;;;;;;
; left (Left Paragraph Border) ;;;;;;
; mirrorIndents (Use Left/Right Indents as Inside/Outside Indents);;;;;;
; numPr (Numbering Definition Instance Reference) ;;;Completed;tomek_mueller;;
; outlineLvl (Associated Outline Level) ;;;;;;
; overflowPunct (Allow Punctuation to Extent Past Text Extents) ;;;Completed;;style:paragraph-properties/@style:punctuation-wrap;
; p (Paragraph) ;;;Completed;;text:p;
; pageBreakBefore (Start Paragraph on Next Page) ;;;Completed;;style:paragraph-properties/@fo:break-before;
; pBdr (Paragraph Borders);;;Completed;;style:paragraph-properties/@fo:border;
; pPr (Revised Paragraph Properties) ;;;;;;
; pPr (Paragraph Properties) ;;;Completed;;style:paragraph-properties;
; pStyle (Referenced Paragraph Style) ;;;;;;
; right (Right Paragraph Border) ;;;;;;
; rPr (Run Properties for the Paragraph Mark) ;;;Completed;;style:text-properties;
; shd (Paragraph Shading);;;Completed;;style:paragraph-properties/@fo:background-color;
; snapToGrid (Use Document Grid Settings for Inter-Line Paragraph Spacing);;;Completed;;style:paragraph-properties/@style:snap-to-layout-grid;
; spacing (Spacing Between Lines and Above/Below Paragraph) ;;;Completed;;style:paragraph-properties/@fo:margin-top and @fo:margin-bottom;
; suppressAutoHyphens (Suppress Hyphenation for Paragraph) ;;;;;;
; suppressLineNumbers (Suppress Line Numbers for Paragraph);;;Completed;;style:paragraph-properties/@text:number-lines;
; suppressOverlap (Prevent Text Frames From Overlapping Paragraph) ;;;;;;
; tab (Custom Tab Stop) ;;;Completed;;;
; tabs (Set of Custom Tab Stops) ;;;Completed;;style:paragraph-properties//@style:tab-stop element;
; textAlignment (Vertical Character Alignment on Line) ;;;Completed;;style:paragraph-properties/@style:vertical-align;
; textboxTightWrap (Allow Surrounding Paragraphs to Tight Wrap to Text Box Contents) ;;;;;;
; textDirection (Paragraph Text Flow Direction);;;Completed;;style:paragraph-properties/@style:writing-mode;
; top (Paragraph Border Above Identical Paragraphs) ;;;;;;
; topLinePunct (Compress Punctuation at Start of a Line) ;;;;;;
; widowControl (Allow First/Last Line to Display on a Separate Page) ;;;;;;
; wordWrap (Allow Line Breaking At Character Level) ;;;;;;
Runs;;;;;;;
;b (Bold);;;Completed;;style:text-properties/@fo:font-weight;
;bCs (Complex Script Bold) ;;;Completed;;style:text-properties/@style:font-weight-complex;
;bdr (Text Border) ;;;;;;
;caps (Display All Characters As Capital Letters) ;;;Completed;;style:text-properties/@fo:text-transform;
;color (Run Content Color) ;;;Completed;;style:text-properties/@fo:color;
;cs (Use Complex Script Formatting on Run) ;;;Completed;;style:text-properties/@style:script-type;
;dstrike (Double Strikethrough) ;;;Completed;;style:text-properties/@style:text-line-through-type and @style:text-line-through-style;
;eastAsianLayout (East Asian Typography Settings) ;;;;;;
;effect (Animated Text Effect) ;;;Completed;;style:text-properties/@style:text-blinking;mostly not supported in ODT(only blinking)
;em (Emphasis Mark) ;;;Completed;;style:text-properties/@style:text-emphasize;
;emboss (Embossing) ;;;Completed;;style:text-properties/@style:font-relief;
;fitText (Manual Run Width) ;;;;;;
;highlight (Text Highlighting) ;;;Completed;;style:text-properties/@fo:background-color;
;i (Italics) ;;;Completed;;style:text-properties/@fo:font-style;
;iCs (Complex Script Italics) ;;;Completed;;style:text-properties/@style:font-style-complex;
;imprint (Imprinting) ;;;Completed;;style:text-properties/@style:font-relief;
;kern (Font Kerning) ;;;Completed;;style:text-properties/@style:letter-kerning;
;lang (Languages for Run Content) ;;;Completed;;style:text-properties/@fo:language  and @fo:language-complex;
;noProof (Do Not Check Spelling or Grammar);;;;;;
;oMath (Office Open XML Math) ;;;;;;
;outline (Display Character Outline) ;;;Completed;;style:text-properties/@style:text-outline;
;position (Vertically Raised or Lowered Text) ;;;Partial;;style:text-properties/@style:text-position;if text is raised or lowered by more than 100%, position is converted wrongly, TODO: Investigate how to fix this issue
;r (Text Run) ;;;Completed;;text:span;
;r (Phonetic Guide Text Run) ;;;;;;
;rFonts (Run Fonts) ;;;Completed;;style:text-properties/@style:font-name, @style:font-name-complex, @style:font-name-asian;
;rPr (Run Properties) ;;;Completed;;style:text-properties/@style:font-name, @style:font-name-complex, @style:font-name-asian;
;rPr (Revised Run Properties) ;;;;;;
;rStyle (Referenced Character Style) ;;;;;;
;rtl (Right To Left Text);;;;;;
;shadow (Shadow) ;;;Completed;;style:text-properties/@fo:text-shadow;
;shd (Run Shading) ;;;;;;
;smallCaps (Small Caps) ;;;Completed;;style:text-properties/@fo:font-variant;
;snapToGrid (Use Document Grid Settings For Inter-Character Spacing) ;;;;;;
;spacing (Character Spacing Adjustment) ;;;;;;
;specVanish (Paragraph Mark Is Always Hidden) ;;;;;;
;strike (Single Strikethrough) ;;;Completed;;style:text-properties/@style:text-line-through-type or @style:text-line-through-style;
;sz (Font Size) ;;;Completed;;style:text-properties/@fo:font-size;
;szCs (Complex Script Font Size) ;;;Completed;;style:text-properties/@style:font-size-complex;
;u (Underline) ;;;Completed;; style:text-properties/@style:text-underline-type and s@tyle:text-underline-style and @style:text-underline-width;
;vanish (Hidden Text) ;;;Completed;;style:text-properties/@text:display;
;vertAlign (Subscript/Superscript Text) ;;;Partial;;style:text-properties/@style:text-position;if text is raised or lowered by more than 100%, position is converted wrongly, TODO: Investigate how to fix this issue
;w (Expanded/Compressed Text) ;;;Completed;;style:text-properties/@style:text-scale;
;webHidden (Web Hidden Text) ;;;;;;
Run Content;;;;;;;
;br (Break) ;;;Line Breaks Completed, Column Breaks and Page Breaks partial, TODO: investigate how to convert many column or page breaks in one paragraph;;text:line-break, style:paragraph-properties/@fo:break-after;
;cr (Carriage Return) ;;;;;;
;dayLong (Date Block - Long Day Format) ;;;;;;
;dayShort (Date Block - Short Day Format) ;;;;;;
;delText (Deleted Text) ;;;;;;
;drawing (DrawingML Object) ;;;Partial;;;TODO investigate what attributes should be converted
;hps (Phonetic Guide Text Font Size) ;;;;;;
;hpsBaseText (Phonetic Guide Base Text Font Size) ;;;;;;
;hpsRaise (Distance Between Phonetic Guide Text and Phonetic Guide Base Text);;;;;;
; lid (Language ID for Phonetic Guide) ;;;;;;
; monthLong (Date Block - Long Month Format) ;;;;;;
; monthShort (Date Block - Short Month Format) ;;;;;;
; noBreakHyphen (Non Breaking Hyphen Character) ;;;;;;
; object (Inline Embedded Object) ;;;;;;
; ocx (Floating ActiveX Control);;;;;;
;ocx (Inline ActiveX Control);;;;;;
;pgNum (Page Number Block) ;;;;;;
;pict (VML Object) ;;;;;;
;ptab (Absolute Position Tab Character) ;;;;;;
;rt (Phonetic Guide Text) ;;;;;;
;ruby (Phonetic Guide) ;;;;;;
;rubyAlign (Phonetic Guide Text Alignment) ;;;;;;
;rubyBase (Phonetic Guide Base Text) ;;;;;;
;rubyPr (Phonetic Guide Properties) ;;;;;;
;softHyphen (Optional Hyphen Character) ;;;;;;
;sym (Symbol Character) ;;;;;;
;t (Text) ;;;Completed;;;
;tab (Tab Character) ;;;;;;
;yearLong (Date Block - Long Year Format) ;;;;;;
;yearShort (Date Block - Short Year Format);;;;;;
Tables;;;;;;;
;bidiVisual (Visually Right to Left Table);;;;;;
;bottom (Table Cell Bottom Margin Exception);;;Completed;;style:table-cell-properties/@fo:padding-bottom;
;bottom (Table Cell Bottom Border) ;;;Completed;;style:table-cell-properties/@fo:border-bottom;
;bottom (Table Bottom Border);;;Completed;;style:table-cell-properties/@fo:border-bottom;
;bottom (Table Cell Bottom Margin Default);;;Completed;;style:table-cell-properties/@fo:padding-bottom;
;cantSplit (Table Row Cannot Break Across Pages);;;;;style:table-row-properties/@style:keep-together;
;cnfStyle (Table Cell Conditional Formatting) ;;;;;;
;cnfStyle (Table Row Conditional Formatting) ;;;;;;
;divId (Associated HTML div ID) ;;;;;;
;gridAfter (Grid Columns After Last Cell) ;;;;;;
;gridBefore (Grid Columns Before First Cell) ;;;;;;
;gridCol (Grid Column Definition) ;;;Completed;;table:table-column;
;gridSpan (Grid Columns Spanned by Current Table Cell) ;;;Completed;;table:table-cell/@table:number-columns-spanned;
;hidden (Hidden Table Row Marker) ;;;;;;
;hideMark (Ignore End Of Cell Marker In Row Height Calculation);;;;;;
;hMerge (Horizontally Merged Cell);;;;;;
;insideH (Table Inside Horizontal Edges Border) ;;;;;;
;insideH (Table Cell Inside Horizontal Edges Border);;;;;;
;insideV (Table Cell Inside Vertical Edges Border);;;;;;
;insideV (Table Inside Vertical Edges Border);;;;;;
;jc (Table Alignment Exception) ;;;Completed;;style:table-properties/@table:align;
;jc (Table Row Alignment) ;;;Completed;;style:table-properties/@table:align;
;jc (Table Alignment) ;;;Completed;;style:table-properties/@table:align;
;left (Table Cell Left Border) ;;;Completed;;style:table-cell-properties/@fo:border-left;
;left (Table Cell Left Margin Exception) ;;;Completed;;style:table-cell-properties/@fo:padding-left;
;left (Table Cell Left Margin Default) ;;;Completed;;style:table-cell-properties/@fo:padding-left;
;left (Table Left Border);;;Completed;;style:table-cell-properties/@fo:border-left;
;noWrap (Don't Wrap Cell Content);;;;;;
;right (Table Cell Right Margin Default) ;;;Completed;;style:table-cell-properties/@fo:padding-right;
;right (Table Cell Right Border) ;;;Completed;;style:table-cell-properties/@fo:border-right;
;right (Table Cell Right Margin Exception) ;;;Completed;;style:table-cell-properties/@fo:padding-right;
;right (Table Right Border);;;Completed;;style:table-cell-properties/@fo:border-right;
;shd (Table Cell Shading);;;Completed;;style:table-cell-properties/@fo:background-color;
;shd (Table Shading Exception);;;Completed;;style:table-cell-properties/@fo:background-color;
;shd (Table Shading);;;Completed;;style:table-cell-properties/@fo:background-color;
;tbl (Table);;;Completed;;table:table;
;tblBorders (Table Borders Exceptions);;;Completed;;style:table-cell-properties/@fo:border-right,style:table-cell-properties/@fo:border-left,style:table-cell-properties/@fo:border-top,style:table-cell-properties/@fo:border-bottom;
;tblBorders (Table Borders);;;Completed;;style:table-cell-properties/@fo:border-right,style:table-cell-properties/@fo:border-left,style:table-cell-properties/@fo:border-top,style:table-cell-properties/@fo:border-bottom;
;tblCellMar (Table Cell Margin Defaults) ;;;Completed;;style:table-cell-properties/@fo:padding-right,style:table-cell-properties/@fo:padding-left,style:table-cell-properties/@fo:padding-top,style:table-cell-properties/@fo:padding-bottom;
;tblCellMar (Table Cell Margin Exceptions);;;Completed;;style:table-cell-properties/@fo:padding-right,style:table-cell-properties/@fo:padding-left,style:table-cell-properties/@fo:padding-top,style:table-cell-properties/@fo:padding-bottom;
;tblCellSpacing (Table Cell Spacing Exception);;;;;;
;tblCellSpacing (Table Row Cell Spacing) ;;;;;;
;tblCellSpacing (Table Cell Spacing Default);;;;;;
;tblGrid (Table Grid) ;;;Completed;;style:table-properties/@style:width;
;tblGrid (Previous Table Grid);;;Completed;;style:table-properties/@style:width;
;tblHeader (Repeat Table Row on Every New Page) ;;;;;table:table-header-rows;
;tblInd (Table Indent from Leading Margin Exception) ;;;Completed;;style:table-properties/@fo:margin-left;
;tblInd (Table Indent from Leading Margin);;;Completed;;style:table-properties/@fo:margin-left;
;tblLayout (Table Layout) ;;;;;;
;tblLayout (Table Layout Exception);;;;;;
;tblLook (Table Style Conditional Formatting Settings);;;;;;
;tblLook (Table Style Conditional Formatting Settings Exception) ;;;;;;
;tblOverlap (Floating Table Allows Other Tables to Overlap) ;;;;;;
;tblpPr (Floating Table Positioning);;;Completed;;table:align;
;tblPr (Table Properties) ;;;;;;
;tblPr (Previous Table Properties) ;;;;;;
;tblPrEx (Table-Level Property Exceptions) ;;;;;;
;tblPrEx (Previous Table-Level Property Exceptions) ;;;;;;
;tblStyle (Referenced Table Style);;;;;;
;tblW (Preferred Table Width Exception) ;;;;;;
;tblW (Preferred Table Width);;;;;;
;tc (Table Cell) ;;;Completed;;table:table-cell;
;tcBorders (Table Cell Borders);;;Completed;;style:border-line-width-bottom;
;tcFitText (Fit Text Within Cell) ;;;;;;
;tcMar (Single Table Cell Margins) ;;;;;;
;tcPr (Previous Table Cell Properties) ;;;;;;
;tcPr (Table Cell Properties) ;;;;;;
;tcW (Preferred Table Cell Width) ;;;;;;
;textDirection (Table Cell Text Flow Direction) ;;;;;;
;tl2br (Table Cell Top Left to Bottom Right Diagonal Border) ;;;;;;
;top (Table Top Border) ;;;Completed;;style:border-line-width-top/@fo:border-top;
;top (Table Cell Top Margin Default) ;;;Completed;;style:border-line-width-top/@fo:border-top;
;top (Table Cell Top Margin Exception) ;;;Completed;;style:border-line-width-top/@fo:border-top;
;top (Table Cell Top Border) ;;;Completed;;style:border-line-width-top/@fo:border-top;
;tr (Table Row) ;;;Completed;;table:table-row;
;tr2bl (Table Cell Top Right to Bottom Left Diagonal Border) ;;;;;;
;trHeight (Table Row Height);;;;;;
;trPr (Table Row Properties);;;;;;
;trPr (Previous Table Row Properties) ;;;;;;
;vAlign (Table Cell Vertical Alignment) ;;;Completed;;style:table-cell-properties/@fo:vertical-align;
;vMerge (Vertically Merged Cell) ;;;;;;
;wAfter (Preferred Width After Table Row) ;;;;;;
;wBefore (Preferred Width Before Table Row) ;;;;;;
Custom Markup;;;;;;;
;Custom XML and Smart Tags;;;;;;
;Structured Document Tags ;;;;;;
Sections;;;;;;;
;bidi (Right to Left Section Layout);;;Not implemented;;ODF does not support.;
;bottom (Bottom Border);;;Completed?;;"style:page-layout-properties/@style:shadow=""#000000 0.049cm 0.049cm"" if and only if borders are defined";
;;;;;;"style:page-layout-properties/@fo:border-bottom=""solid "".w:pgBorders/w:bottom/@w:sz."" #"".w:pgBorders/w:bottom/@w:color";
;col (Single Column Definition) ;;;Completed;;style:column;
;cols (Column Definitions) ;;;Completed;;style:columns;
;docGrid (Document Grid);;;Not implemented;;ODF does not support this feature;
;formProt (Only Allow Editing of Form Fields) ;;;Not implemented;;ODF does not support this feature;
;left (Left Border) ;;;Completed;;"style:page-layout-properties/@style:shadow == ""#000000 0.049cm 0.049cm""";
;;;;;;"style:page-layout-properties/@fo:border-bottom == ""solid "".w:pgBorders/w:bottom/@w:sz in centimeters."" #"".w:pgBorders/w:bottom/@w:color";
;lnNumType (Line Numbering Settings) ;;;;;"<style:style style:name=""Line_20_numbering"" style:display-name=""Line numbering"" style:family=""text""/>";
;;;;;;"if and only if w:lnNumType/@w:restart == 'continuous' , text:linenumbering-configuration/@text:restart-on-page is set ""true"" text:linenumbering-configuration/@text:increment == key('sectPr', '')/w:lnNumType/@w:countBy (or 1 if @w:countBy is not set)
";
;;;;;;text:linenumbering-configuration/@text:offset == /w:lnNumType/@w:distance in centimeters;
;paperSrc (Paper Source Information) ;;;Not implemented;;ODF does not support this feature;
;pgBorders (Page Borders) ;;;;;;
;pgMar (Page Margins) ;;;Completed;rebet;;
;pgNumType (Page Numbering Settings) ;;;;;;
;pgSz (Page Size) ;;;Completed;rebet;;
;right (Right Border) ;;;;;;
;rtlGutter (Gutter on Right Side of Page) ;;;;;;
;sectPr (Previous Section Properties) ;;;Completed;;;
;sectPr (Document Final Section Properties) ;;;Completed;;;
;sectPr (Section Properties);;;Completed;;;
;textDirection (Text Flow Direction);;;;;;
;top (Top Border) ;;;;;;
;type (Section Type) ;;;;;;
;vAlign (Vertical Text Alignment on Page) ;;;;;;
General Style Properties ;;;;;;;
;aliases (Secondary Style Names) ;;;;;;
;autoRedefine (Automatically Redefine Style) ;;;;;;
;basedOn (Parent Style ID) ;;;Completed;;style:parent-style-name;
;hidden (Hide style) ;;;;;;
;latentStyles (Latent styles) ;;;;;;
;link (Linked style id) ;;;;;;
;locked (Locked style) ;;;;;;
;lsdException (Latent style instance) ;;;;;;
;name (Primary style name) ;;;Completed;;style:name;
;next (StyleID name) ;;;;;;
;qFormat (QuickFormat Style) ;;;;;;
;rsid (Style Revision identified) ;;;;;;
;semiHidden (Semi hidden text) ;;;;;;
;sti (Unique numerical identifier) ;;;;;;
;style (Style definition) ;;;Completed;;style:style;
;styles (Style definitions) ;;;;;;
;styles (Context-Free chunk style definition) ;;;;;;
;uiPriority (Alternate sorting order for style list) ;;;;;;
;unhideWhenUsed (Unhide when used) ;;;;;;
;versionOfBuiltInStylenames (Builtin style version) ;;;;;;
Document Defaults Styles;;;;;;;
;docDefaults (Default Text Properties) ;;;;;;
;pPr (Default Paragraph Properties) ;;;;;;
;pPrDefault (Default Document Paragraph Properties) ;;;;;;
;rPr (Run properties) ;;;;;;
;rPrDefault (Default run properties) ;;;;;;
Table Styles;;;;;;;
;pPr (Table Style Content Paragraph Properties);;;;;;
;rPr (Run properties) ;;;;;;
;tblPr (Table properties);;;;Completed;style:border-line-width-top;
;tblPr (Table Properties) ;;;;Completed;style:border-line-width-top;
;tblStyleColBandSize (Number of Columns in Column Band) ;;;;;;
;tblStylePr (Table style conditional formatting) ;;;;;;
;tblStyleRowBandSize (Number of Rows in Row Band) ;;;;;;
;tcPr (Style Table Cell Properties) ;;;;;;
;tcPr (Table Style Table Cell Properties) ;;;;;style:style;
;trPr (Table Style Row Properties) ;;;;;;
;trPr (Style Table Row Properties) ;;;;;;
Numbering Styles;;;;;;;
Paragraph Styles;;;;;;;
;pPr (Style Paragraph Properties) ;;;Completed;;style:paragraph-properties;
Run (Character) Styles ;;;;;;;
;rPr (Run properties) ;;;Completed;;style:text-properties;
Fonts;;;;;;;
;altName (Font alternate name) ;;;;;;
;charset (Character set) ;;;;;;
;defaultFonts (Default Document Fonts) ;;;;;;
;embedBold (Bold Style Font Embedding) ;;;;;;
;embedBoldItalic (Bold+Italic Font Embedding) ;;;;;;
;embedItalic (Italic Font Embedding) ;;;;;;
;embedRegular (Regular Font Embedding) ;;;;;;
;embedSystemFonts (Do not embed system fonts ) ;;;;;;
;embedTrueTypeFonts (Embed TrueType Fonts) ;;;;;;
;family (Font Family) ;;;;;;
;font (Font) ;;;;;;
;fonts (Font Definitions) ;;;;;;
;fonts (Font Definitions) ;;;;;;
;notTrueType (Not a true type font) ;;;;;;
;panose1 (Panose typface classification number);;;;;;
;pitch (Font pitch);;;;;;
;saveSubsetFonts (Save subset fonts);;;;;;
;sig (Glyph information) ;;;;;;
Numbering;;;;;;;
;abstractNumId (Abstract Numbering Definition Reference) ;;;Completed;tomek_mueller;text:list-style;
;ilvl (Numbering Level Reference);;;Completed;tomek_mueller;text:list-level-style-bullet/@text:level|text:list-level-style-number/@text:level;
;isLgl (Display All Levels Using Arabic Numerals) ;;;;;;
;legacy (Legacy Numbering Level Properties) ;;;;;;
;lvl (Numbering Level Override Definition) ;;;Completed;;text:list-level-style-bullet|text:list-level-style-number;
;lvl (Numbering Level Definition) ;;;Completed;tomek_mueller;text:list-level-style-bullet|text:list-level-style-number;
;lvlJc (Justification) ;;;;;;
;lvlOverride (Numbering Level Definition Override) ;;;;;;
;lvlPicBulletId (Picture Numbering Symbol Definition Reference) ;;;;;;
;lvlRestart (Restart Numbering Level Symbol) ;;;;;;
;lvlText (Numbering Level Text) ;;;Completed;tomek_mueller;text:list-level-style-bullet/@text:bullet-char;
;multiLevelType (Abstract Numbering Definition Type);;;;;;
;name (Abstract Numbering Definition Name) ;;;;;;
;nsid (Abstract Numbering Definition Identifier);;;;;;
;num (Numbering Definition Instance);;;Completed;tomek_mueller;text:list-style;
;numbering (Numbering Definitions) ;;;Completed;tomek_mueller;text:list-level-style-bullet | text:list-level-style-number;
;numFmt (Numbering Format) ;;;Completed;tomek_mueller;text:list-level-style-number/@style:num-format;
;numId (Numbering Definition Instance Reference);;;Completed;tomek_mueller;text:list-style/@style:name;
;numIdMacAtCleanup (Last Reviewed Abstract Numbering Definition);;;;;;
;numPicBullet (Picture Numbering Symbol Definition) ;;;;;;
;numStyleLink (Numbering Style Reference) ;;;;;;
;pict (Picture Numbering Symbol Properties) ;;;;;;
;pPr (Numbering Level Associated Paragraph Properties) ;;;;;;
;pStyle (Paragraph Style's Associated Numbering Level) ;;;;;;
;rPr (Numbering Symbol Run Properties) ;;;;;;
;start (Starting Value) ;;;Completed;;text:list-level-style-number/@text:start-value;
;startOverride (Numbering Level Starting Value Override) ;;;;;;
;styleLink (Numbering Style Definition);;;;;;
;suff (Content Between Numbering Symbol and Paragraph Text) ;;;;;;
;tmpl (Numbering Template Code) ;;;;;;
Headers and Footers;;;;;;;
;evenAndOddHeaders (Different Even/Odd Page Headers and Footers) ;;;Completed;;;
;footerReference (Footer Reference);;;Completed;;;
;ftr (Footer);;;Completed;;;
;hdr (Header) ;;;Completed;;;
;headerReference (Header Reference) ;;;Completed;;;
;titlePg (Different First Page Headers and Footers) ;;;Completed;;;
Footnotes and Endnotes;;;;;;;
;continuationSeparator (Continuation Separator Mark) ;;;;;;
;endnote (Endnote Content) ;;;Completed;;text:note/text:note-citation;
;endnote (Special Endnote List) ;;;Completed;;text:note/text:note-citation;
;endnotePr (Document-Wide Endnote Properties) ;;;;;;
;endnotePr (Section-Wide Endnote Properties);;;;;;
;endnoteRef (Endnote Reference Mark) ;;;;;;
;endnoteReference (Endnote Reference);;;Completed;;text:note;
;endnotes (Document Endnotes);;;Completed;;text:note;
;footnote (Special Footnote List) ;;;Completed;;text:note;
;footnote (Footnote Content) ;;;Completed;;text:note;
;footnotePr (Document-Wide Footnote Properties) ;;;;;;
;footnotePr (Section-Wide Footnote Properties) ;;;;;;
;footnoteRef (Footnote Reference Mark);;;;;;
;footnoteReference (Footnote Reference) ;;;Completed;;text:note;
;footnotes (Document Footnotes) ;;;;;;
;noEndnote (Suppress Endnotes In Document) ;;;;;;
;numFmt (Footnote Numbering Format);;;;;;
;numFmt (Endnote Numbering Format);;;;;;
;numRestart (Footnote and Endnote Numbering Restart Location) ;;;;;;
;numStart (Footnote and Endnote Numbering Starting Value) ;;;;;;
;pos (Footnote Placement) ;;;;;;
;pos (Endnote Placement);;;;;;
;separator (Footnote/Endnote Separator Mark) ;;;;;;
Glossary Document;;;;;;;
;behavior (Entry Insertion Behavior) ;;;;;;
;behaviors (Entry Insertion Behaviors) ;;;;;;
;category (Entry Categorization);;;;;;
;description (Description for Entry) ;;;;;;
;docPart (Glossary Document Entry);;;;;;
;docPartBody (Contents of Glossary Document Entry) ;;;;;;
;docPartPr (Glossary Document Entry Properties) ;;;;;;
;docParts (List of Glossary Document Entries) ;;;;;;
;gallery (Gallery Associated With Entry) ;;;;;;
;glossaryDocument (Glossary Document Root Element) ;;;;;;
;guid (Entry ID) ;;;;;;
;name (Category Associated With Entry);;;;;;
;name (Entry Name) ;;;;;;
;style (Associated Paragraph Style Name) ;;;;;;
;type (Entry Type);;;;;;
;types (Entry Types);;;;;;
Comments;;;;;;;
;annotationRef (Comment Information Block) ;;;;;;
;comment ;;;;;;
;commentRangeEnd (Comment Anchor End) ;;;;;;
;commentRangeStart (Comment Anchor Start);;;;;;
;commentReference (Comment Reference) ;;;;;;
;comments (Comments collection) ;;;;;;
Revisions;;;;;;;
;cellDel ;;;;;;
;cellIns ;;;;;;
;cellMerge ;;;;;;
;customXmlDelRangeEnd (Custom XML Markup Deletion End) ;;;;;;
;customXmlDelRangeStart (Custom XML Markup Deletion Start) ;;;;;;
;customXmlInsRangeEnd (Custom XML Markup Insertion End) ;;;;;;
;customXmlInsRangeStart (Custom XML Markup Insertion Start) ;;;;;;
;customXmlMoveFromRangeEnd (Custom XML Markup Move Source Location End);;;;;;
;customXmlMoveFromRangeStart (Custom XML Markup Move Source Location Start) ;;;;;;
;customXmlMoveToRangeEnd (Custom XML Markup Move Destination Location End);;;;;;
;customXmlMoveToRangeStart (Custom XML Markup Move Destination Location Start;;;;;;
;del (Deleted Region) ;;;;;;
;del (Deleted Text Runs) ;;;;;;
;del (Deleted Table Row);;;;;;
;ins (Inserted Table Row) ;;;;;;
;ins (Inserted Text Runs) ;;;;;;
;ins (Inserted Numbering Properties) ;;;;;;
;ins (Inserted Region) ;;;;;;
;moveFrom (Move Source Location) ;;;;;;
;moveFrom (Source of Moved Text Runs) ;;;;;;
;moveFromRangeEnd (Move Source Location End) ;;;;;;
;moveFromRangeStart (Move Destination Location Start) ;;;;;;
;moveTo (Target of Moved Text Runs) ;;;;;;
;moveTo (Move Destination Location) ;;;;;;
;moveToRangeEnd (Move Destination End) ;;;;;;
;moveToRangeStart (Move Destination Start) ;;;;;;
;numberingChange (Revised Numbering Properties) ;;;;;;
;pPrChange (Set of Revised Paragraph Properties) ;;;;;;
;rPrChange (Set of Revised Run Properties) ;;;;;;
;rPrChange (Modified Run Properties) ;;;;;;
;sectPrChange (Section Property Revisions) ;;;;;;
;tblGridChange (Set of Revised Grid Column Definitions) ;;;;;;
;tblPrChange (Revised Table Properties) ;;;;;;
;tblPrExChange (Revised Table-Level Property Exceptions) ;;;;;;
;tcPrChange (Set of Revised Table Cell Properties) ;;;;;;
;trPrChange (Revised Table Row Properties) ;;;;;;
Bookmarks;;;;;;;
;bookmarkEnd (Bookmark End) ;;;;;;
;bookmarkStart (Bookmark Start) ;;;;;;
Range Permissions;;;;;;;
;permEnd (Range Permission End) ;;;;;;
;permStart (Range Permission Start) ;;;;;;
Spelling & Grammar;;;;;;;
; proofErr (Proofing Tools Error) ;;;;;;
Mail Merge;;;;;;;
;active (Record Is Included in Mail Merge) ;;;;;;
;activeRecord (Record Currently Displayed In Merged Document) ;;;;;;
;addressFieldName (Column Containing E-mail Address) ;;;;;;
;checkErrors (Mail Merge Error Reporting Setting) ;;;;;;
;colDelim (Column Delimiter for Data Source) ;;;;;;
;column (Index of Column Containing Unique Values for Record) ;;;;;;
;column (Index of Column Being Mapped) ;;;;;;
;connectString (Data Source Connection String) ;;;;;;
;dataSource (Data Source File Path);;;;;;
;dataType (Data Source Type) ;;;;;;
;destination (Merged Document Destination) ;;;;;;
;doNotSuppressBlankLines (Remove Blank Lines from Merged Documents) ;;;;;;
;dynamicAddress (Use Country-Based Address Field Ordering) ;;;;;;
;fHdr (First Row of Data Source Contains Column Names);;;;;;
;fieldMapData (External Data Source to Merge Field Mapping) ;;;;;;
;headerSource (Header Definition File Path) ;;;;;;
;lid (Merge Field Name Language ID) ;;;;;;
; linkToQuery (Query Contains Link to External Query File) ;;;;;;
; mailAsAttachment (Merged Document To E-Mail Attachment) ;;;;;;
; mailMerge (Mail Merge Settings) ;;;;;;
; mailSubject (Merged E-mail or Fax Subject Line) ;;;;;;
; mainDocumentType (Source Document Type) ;;;;;;
; mappedName (Predefined Merge Field Name) ;;;;;;
; name (Data Source Name for Column) ;;;;;;
; odso (Office Data Source Object Settings);;;;;;
; query (Query For Data Source Records To Merge) ;;;;;;
; recipientData (Reference to Inclusion/Exclusion Data for Data Source) ;;;;;;
; recipientData (Data About Single Data Source Record) ;;;;;;
; recipients (Inclusion/Exclusion Data for Data Source) ;;;;;;
; src (ODSO Data Source File Path) ;;;;;;
; table (Data Source Table Name) ;;;;;;
; type (ODSO Data Source Type);;;;;;
; udl (UDL Connection String) ;;;;;;
; uniqueTag (Unique Value for Record) ;;;;;;
; viewMergedData (View Merged Data Within Document) ;;;;;;
Settings;;;;;;;
;Document Settings ;;;;;;
;Web Page Settings ;;;;;;
;Compatibility Settings ;;;;;;
Fields & Hyperlinks;;;;;;;
;Field formatting ;;;;;;
;Field definitions ;;;;;;
;calcOnExit (Recalculate Fields When Current Field Is Modified);;;;;;
;checkBox (Checkbox Form Field Properties);;;;;;
;checked (Checkbox Form Field State) ;;;;;;
;ddList (Drop-Down List Form Field Properties) ;;;;;;
;default (Default Text Box Form Field String);;;;;;
;default (Default Drop-Down List Item Index) ;;;;;;
;default (Default Checkbox Form Field State) ;;;;;;
;delInstrText (Deleted Field Code) ;;;;;;
;enabled (Form Field Enabled) ;;;;;;
;entryMacro (Script Function to Execute on Form Field Entry);;;;;;
;exitMacro (Script Function to Execute on Form Field Exit) ;;;;;;
;ffData (Form Field Properties) ;;;;;;
;fldChar (Complex Field Character) ;;;;;;
;fldData (Custom Field Data) ;;;;;;
;fldData (Custom Field Data) ;;;;;;
;fldSimple (Simple Field) ;;;;;;
;format (Text Box Form Field Formatting) ;;;;;;
;helpText (Associated Help Text) ;;;;;;
;hyperlink (Hyperlink) ;;;Completed;;text:a;
;instrText (Field Code) ;;;;;;
;listEntry (Drop-Down List Entry) ;;;;;;
;maxLength (Text Box Form Field Maximum Length) ;;;;;;
;name (Form Field Name) ;;;;;;
;result (Drop-Down List Selection) ;;;;;;
;size (Checkbox Form Field Size) ;;;;;;
;sizeAuto (Automatically Size Form Field) ;;;;;;
;statusText (Associated Status Text) ;;;;;;
;textInput (Text Box Form Field Properties);;;;;;
;type (Text Box Form Field Type) ;;;;;;
Odds & Ends;;;;;;;
;Text Box Content ;;;;;;
;Subdocuments ;;;;;;
;External Content Import ;;;;;;
;Roundtripping Alternate Content ;;;;;;
Metadata;;;;;;;
;Metadata Properties ;;;;;;
;Core Properties ;;;;;;
;Extended Properties ;;;;;;
;Custom Properties ;;;;;;
;Variant Types ;;;;;;
Math ;;;;;;;
;Accent Object ;;;;;;
;Bar Object ;;;;;;
;Border Box Object ;;;;;;
;Box Object ;;;;;;
;Delimiters ;;;;;;
;Equation Array Object ;;;;;;
;Fraction Object ;;;;;;
;Function Apply Object ;;;;;;
;Group Character Object ;;;;;;
;Upper and Lower Limits ;;;;;;
;Matrix Object ;;;;;;
;N-ary Object ;;;;;;
;Phantom Object ;;;;;;
;Radical Object ;;;;;;
DrawingML Audio and Video;;;;;;;
DrawingML Text;;;;;;;
;Body Level Properties ;;;;;;
;Coordinate Systems and Transformations ;;;;;;
;Base Representations ;;;;;;
;Scalings and Rotations on Base Representations;;;;;;
;Flips ;;;;;;
;Group Representations ;;;;;;
;Translation (Moving of Groups) ;;;;;;
;Group Rotation ;;;;;;
;Group Scaling ;;;;;;
;Translation, Scaling, and Rotation of Group Members ;;;;;;
;Transformation Computations ;;;;;;
;Apply Shape Transforms ;;;;;;
;Apply Group Transforms ;;;;;;
DrawingML Styles;;;;;;;
;Shared Style Sheet;;;;;;
DrawingML Diagrams;;;;;;;
;Element Property Set ;;;;;;
;Color Transforms ;;;;;;
;Style Definition ;;;;;;
;Layout ;;;;;;
;Drawing Anchors ;;;;;;
DrawingML 3-D;;;;;;;
;3-D ;;;;;;
;Styles ;;;;;;
DrawingML Tables;;;;;;;
DrawingML Shape Properties and Effects ;;;;;;;
DrawingML Chart ;;;;;;;
DrawingML Pictures ;;;;;;;
;align (Horizontal Alignment Base) ;;;Completed;karolina; style:horizontal-pos;
;align (Vertical Alignment Base) ;;;Completed;karolina;style:vertical-pos;
;anchor (Anchor for Floating DrawingML Object) ;;;Partial;karolina;draw:frame/draw:image;TODO investigate other attributes to convert
;cNvGraphicFramePr ;;;;;;
;docPr (Drawing Object Non-Visual Properties) ;;;Partial;karolina;docPr/ :@name to draw:frame/ @draw:name;
;effectExtent (Square Wrapping Extent) ;;;;;;
;effectExtent (Wrapping Boundaries) ;;;;;;
; effectExtent (Inline Wrapping Extent) ;;;;;;
; extent (Drawing Object Size) ;;;Completed;karolina;draw:frame/draw:image/@svg:height @svg:width;
; extent (Inline Drawing Object Extents) ;;;Completed;karolina;draw:frame/draw:image/@svg:height @svg:width;
; inline (Inline DrawingML Object) ;;;Partial;karolina;draw:frame/draw:image;TODO: effectExtent (Square Wrapping Extent) and partly docPr
; lineTo (Wrapping Polygon Line) ;;;;;;
; offset (Horizontal Position Offset) ;;;;;;
; offset (Vertical Position Offset) ;;;;;;
; positionH (Horizontal Positioning) ;;;Completed;karolina;draw:frame/draw:image/@svg:x;
; positionV (Vertical Positioning);;;Completed;karolina;draw:frame/draw:image/@svg:y;
; posOffset ;;;Completed;karolina;draw:frame/ @svg:x and @svg:y;
; simplePos (Simple Positioning) ;;;;;;
; start (Wrapping Polygon Start) ;;;;;;
; wrapNone (No Text Wrapping);;;Completed;karolina;style:graphic-properties/ @style:wrap = run-through;
; wrapPolygon (Through Wrapping Polygon) ;;;;;;
; wrapPolygon (Tight Wrapping Extents Polygon) ;;;;;;
; wrapSquare (Square Wrapping) ;;;Completed;karolina;@style:wrap = run-through;
; wrapThrough (Through Wrapping) ;;;Completed;karolina;@style:wrap = run-through;
; wrapTight (Tight Wrapping) ;;;;karolina;;
; wrapTopAndBottom (Top and Bottom Wrapping) ;;;Completed;karolina;@style:wrap = run-through;
VML Elements;;;;;;;
;anchorlock ;;;;;;
;borderbottom ;;;;;;
;borderleft ;;;;;;
;borderright ;;;;;;
;bordertop ;;;;;;
;callout ;;;;;;
;extrusion ;;;;;;
;fill (Shape Fill Properties) ;;;;;;
;formulas (Set of Formulas) ;;;;;;
;handles (Set of Handles) ;;;;;;
;imagedata (Image Data) ;;;;;;
;lock ;;;;;;
;path (Shape Path) ;;;;;;
;shadow (Shadow Effect) ;;;;;;
;skew ;;;;;;
;stroke (Line Stroke Settings) ;;;;;;
;textbox (Text Box) ;;;;;;
;textpath (Text Layout Path) ;;;;;;
;wrap ;;;;;;
;OLEObject;;;Completed;michkam;draw:object-ole;
